{
    "efficiencies": {
        "turbine": [0.95, 0.97, 0.99],
        "fuel_cell": [0.5, 0.6, 0.7],
        "battery_storage": 0.9,
        "electrolysers": {
            "alkaline": [0.60, 0.70, 0.85],
            "PEM": [0.60, 0.70, 0.85],
            "SOFC": [0.80, 0.85, 0.90]
        },
        "hydrogen_storage": 0.99,
        "compressor": [0.996, 0.995, 0.9925],
        "vector_fugitive": {
            "LH2": [0.95, 0.984, 1],
            "NH3": [0.9, 0.95, 1]
        },
        "vector_synthesis": {
            "LH2": 1,
            "NH3": 0.888
        },
        "vector_stoichiometry": {
            "LH2": 1,
            "NH3": 5.67
        },
        "reconversion": {
            "LH2": [0.98, 0.99, 1],
            "NH3": [0.7, 0.8, 0.85]
        },
        "vector_calorific_value": {
            "LH2": 120,
            "NH3": 18.8
        }
    },
    "capital_costs": {
        "turbine": [1.4157, 2.145, 3.2175],
        "solar": [0.198, 0.268, 0.377],
        "fuel_cell": [0.167, 0.233, 0.2675],
        "battery_storage": [0.0436, 0.0625, 0.0964],
        "electrolysers": {
            "alkaline": [0.0556, 0.0972, 0.1389],
            "PEM": [0.0556, 0.1111, 0.1944],
            "SOFC": [0.0833, 0.1389, 0.2777]
        },
        "compressor": 9.8,
        "hydrogen_storage": [0.4, 0.5, 0.635],
        "geographical_storage": [0.312,0.312,0.312],
        "vector_storage": {
            "LH2": [10, 20, 30],
            "NH3": [0.5, 1.3, 2.72]
        },
        "vector_production": {
            "LH2": [112.90694991525736,146.02188437824367,208.00838230519042],
            "NH3": [18.86, 21.82, 26.7]
        },
        "shipping": {
            "LH2": {
                "small": [101.3, 130, 158.5],
                "medium": [203.6, 235.1, 286.6],
                "large": [336.8, 431, 525]
            },
            "NH3": {
                "small": [59.0, 85.1, 97.6],
                "medium": [106.9, 153.4, 200],
                "large": [196, 280, 330]
            }
        },
        "reconversion": {
            "LH2": [1.38, 2, 3.73],
            "NH3": [2, 2.69, 5.7]
        },
        "port": 0
    },
    "operating_costs": {
        "turbine": [0.0429, 0.0575, 0.0686],
        "solar": [0.01045, 0.01414, 0.01989],
        "fuel_cell": [0.00667, 0.00933, 0.0107],
        "battery_storage": [0.00108, 0.00156, 0.00242],
        "electrolysers": {
            "alkaline": [0.00111, 0.00194, 0.00278],
            "PEM": [0.00111, 0.00222, 0.00389],
            "SOFC": [0.00167, 0.00278, 0.00556]
        },
        "compressor": 0.196,
        "geographical_storage": [0.0256, 0.0256, 0.0256],
        "hydrogen_storage": [0.016, 0.02, 0.0254],
        "vector_storage": {
            "LH2": [0.4, 0.8, 2.25],
            "NH3": [0.02, 0.052, 0.204]
        },
        "vector_production": {
            "LH2": [0.542, 0.702, 1],
            "NH3": [0.7758, 0.8728, 1.0667]
        },
        "shipping": {
            "LH2": {
                "small": [4.05, 5.20, 6.34],
                "medium": [8.1, 9.4, 11.5],
                "large": [14.5, 17.2, 21]
            },
            "NH3": {
                "small": [2.36, 3.4, 3.9],
                "medium": [4.3, 6.1, 8],
                "large": [7.8, 11.2, 13.2]
            }
        },
        "reconversion": {
            "LH2": [0.069, 0.1, 0.186],
            "NH3": [0.18, 0.339, 0.51]
        },
        "grid_energy_factor": [1, 1.5, 2],
        "port": 0
    },
    "replacement_frequencies": {
        "turbine": 30,
        "solar": 30,
        "fuel_cell": 10,
        "battery_storage": 5,
        "electrolysers": {
            "alkaline": [9.78, 11.42, 16.31],
            "PEM": [11.42, 13.86, 19.6],
            "SOFC": [3.26, 9.78, 13.04]
        },
        "compressor": [7.5, 15],
        "hydrogen_storage": 20,
        "vector_production": {
            "LH2": 30,
            "NH3": 30
        },
        "ships": {
            "small": 30,
            "medium": 30,
            "large": 30
        },
        "reconversion": {
            "LH2": 30,
            "NH3": 30
        },
        "vector_storage": {
            "LH2": 20,
            "NH3": 20
        },
        "system_duration": 30
    },
    "vector_production": {
        "single_train_throughput": {
            "LH2": [4.17, 6.25, 10.42],
            "NH3": 114
        },
        "ramp_up_limit": {
            "LH2": [0.05, 0.2, 0.5],
            "NH3": [0.02, 0.1, 0.25]
        },
        "ramp_down_limit": {
            "LH2": [0.15, 0.3, 0.5],
            "NH3": [0.2, 0.25, 0.5]
        },
        "fixed_energy_penalty": {
            "LH2": [0.25, 0.4, 0.6],
            "NH3": [0.25, 0.4, 0.6]
        },
        "variable_energy_penalty": {
            "LH2": [17.09, 21.6, 24.3],
            "NH3": [0.962, 1.826, 3.63]
        },
        "fractional_energy_penalty": {
            "LH2": [0.25, 0.4, 0.6],
            "NH3": [0.25, 0.4, 0.6]
        },
        "boil_off_energy_penalty": {
            "LH2": [0.77, 0.975, 1.05],
            "NH3": 0
        },
        "boil_off_percentage": {
            "LH2": [0.001042, 0.003125, 0.004167],
            "NH3": 0
        },
        "minimum_train_throughput": {
            "LH2": [0.25, 0.4, 0.75],
            "NH3": [0.25, 0.4, 0.75]
        }
    },
    "shipping": {
        "storage_capacity": {
            "LH2": 14160,
            "NH3": 130000
        },
        "fuel_consumption": {
            "LH2": {
                "small": 1.4021739130434783,
                "medium":2.240217391304348,
                "large": 3.5934782608695657
            },
            "NH3": {
                "small": 7.83913043478261,
                "medium": 13.12173913043478,
                "large": 22.17391304347826
            }
        },
        "journey_time": 360,
        "loading_time": 8,
        "charter_rate": {
            "LH2":10100,
            "NH3": 6360
        },
        "berthing_rate":{
            "LH2": 9800,
            "NH3": 9800
        }
    },
    "miscillaneous": {
        "reconversion_electrical_demand": {
            "LH2": 0,
            "NH3": 1.44
        },
        "battery_charge_time": 4,
        "battery_discharge_time": 4,
        "hydrogen_LHV": 120,
        "discount_factor": [0.066, 0.121, 0.14],
        "electrolyser_compression_energy": {
            "alkaline": [4.53, 5.62, 7.58],
            "PEM": [3.6, 5.2, 7.58],
            "SOFC": [2.71, 4.53, 6.13]
        },
        "storage_compression_penalty": 4.79,
        "vector_compression_penalty": {
            "LH2": 0,
            "NH3": 2.14
        }
    },
    "equipment": {
        "gh2_storage": {
            "LH2": 231515.77,
            "NH3": 200151.82
        },
        "origin_storage": {
            "LH2": 35.2,
            "NH3": 256.82
        },
        "capacity_electrolysers": {
            "LH2": {
                "alkaline": 11464.8,
                "PEM": 0.0,
                "SOFC": 3678.76
            },
            "NH3": {
                "alkaline": 10817.65,
                "PEM": 0.0,
                "SOFC": 4799.4475
            }
        },
        "vector_production": {
            "LH2": 12,
            "NH3": 5
        },
        "number_turbines": {
            "LH2": 1495.44,
            "NH3": 1493
        },
        "compression_capacity": {
            "LH2": 784.544,
            "NH3": 851.44
        },
        "hfc_capacity": {
            "LH2": 1612.06,
            "NH3": 827.4
        }
    }
}